Symbol,Name,Last,Change,%Chg,High,Low,Volume,Time
A,"Agilent Technologies",118.02,0.64999999999999,+0.55%,118.89,117.65,421318,"12:52 ET"
AAL,"American Airlines Gp",15.93,0.45,+2.91%,16.17,15.25,45483841,"12:52 ET"
AAP,"Advance Auto Parts Inc",158.53,-0.87,-0.55%,160.46,158.5,263329,"12:53 ET"
AAPL,"Apple Inc",131.95,0.069999999999993,+0.05%,132.58,130.78,48826761,"12:53 ET"
ABBV,"Abbvie Inc",103.76,0.96000000000001,+0.93%,103.93,102.85,1468402,"12:52 ET"
ABC,"Amerisourcebergen Corp",97.5,0.78,+0.81%,97.6,96.67,193084,"12:52 ET"
ABMD,"Abiomed Inc",306.88,4.55,+1.50%,309.13,300.81,55169,"12:51 ET"
ABT,"Abbott Laboratories",108.69,0.41,+0.38%,109.68,108.18,907358,"12:53 ET"
ACN,"Accenture Plc",259.68,0.20999999999998,+0.08%,261.92,259.02,610805,"12:52 ET"
ADBE,"Adobe Systems Inc",501.19,-2.98,-0.59%,506,498.66,559484,"12:51 ET"
ADI,"Analog Devices",144.43,0.15000000000001,+0.10%,145.62,144.1,697772,"12:53 ET"
ADM,"Archer Daniels Midland",49.29,0.56,+1.15%,49.45,48.73,420720,"12:53 ET"
ADP,"Automatic Data Procs",176.13,-0.21000000000001,-0.12%,178.26,175.61,332261,"12:52 ET"
ADSK,"Autodesk Inc",302.5,-1.36,-0.45%,307.22,300.07,252119,"12:49 ET"
AEE,"Ameren Corp",76.38,-0.17,-0.22%,77.17,76.05,422840,"12:52 ET"
AEP,"American Electric Power Company",81.39,-0.010000000000005,-0.01%,82.27,81.33,785378,"12:53 ET"
AES,"The Aes Corp",23.46,0.64,+2.80%,23.46,23,1814304,"12:53 ET"
AFL,"Aflac Inc",43.68,0.65,+1.51%,43.9,42.7,881600,"12:50 ET"
AIG,"American International Group",37.54,0.74,+2.01%,38.04,37.24,1509924,"12:53 ET"
AIZ,"Assurant Inc",132.07,0.57999999999998,+0.44%,133.45,131.57,80673,"12:51 ET"
AJG,"Arthur J. Gallagher & Company",123.69,-0.12,-0.10%,124.74,123.49,161709,"12:49 ET"
AKAM,"Akamai Technologies",107.57,0.92999999999999,+0.87%,108.06,106.8,405211,"12:53 ET"
ALB,"Albemarle Corp",151.52,5.25,+3.59%,152.84,147.26,797282,"12:47 ET"
ALGN,"Align Technology",531.24,-5.35,-1.00%,543.65,530.12,98762,"12:53 ET"
ALK,"Alaska Air Group",51.65,1.3,+2.58%,52.72,50.5,1197117,"12:52 ET"
ALL,"Allstate Corp",106.65,0.46000000000001,+0.43%,107.55,106.25,399556,"12:52 ET"
ALLE,"Allegion Plc",112.94,0.55,+0.49%,113.44,111.7,77675,"12:47 ET"
ALXN,"Alexion Pharm Inc",153.67,-0.14000000000001,-0.09%,154.23,153.35,1244585,"12:53 ET"
AMAT,"Applied Materials",85.16,-0.48,-0.56%,86.5,84.73,1420219,"12:53 ET"
AMCR,"Amcor Plc",11.57,0.07,+0.61%,11.66,11.53,695610,"12:45 ET"
AMD,"Adv Micro Devices",91.77,-1.39,-1.49%,93.13,91.46,14962080,"12:53 ET"
AME,"Amtek Inc",119.28,1.62,+1.38%,119.44,117.53,150518,"12:50 ET"
AMGN,"Amgen Inc",222.8,1.81,+0.82%,223.45,220.66,706561,"12:51 ET"
AMP,"Ameriprise Financial Services",188.25,3.19,+1.72%,188.7,185.43,185028,"12:49 ET"
AMT,"American Tower Corp",221.01,0.51999999999998,+0.24%,223.6,220.92,537439,"12:52 ET"
AMZN,"Amazon.com Inc",3200.74,-5.7800000000002,-0.18%,3206.2,3184.17,1034700,"12:52 ET"
ANET,"Arista Networks Inc",290.32,-0.5,-0.17%,292.41,287.7,101844,"12:51 ET"
ANSS,"Ansys Inc",363.68,1.37,+0.38%,369.82,362.4,141856,"12:52 ET"
ANTM,"Anthem Inc",311.11,7.81,+2.58%,311.62,306.43,286746,"12:53 ET"
AON,"AON Plc",209.12,-0.10999999999999,-0.05%,211.66,208.63,431935,"12:52 ET"
AOS,"Smith A.O. Corp",55.21,-0.15,-0.27%,55.51,54.71,185641,"12:52 ET"
APA,"Apache Corp",14.79,0.67,+4.75%,15.17,14.23,4553727,"12:52 ET"
APD,"Air Products and Chemicals",267.31,3.3,+1.25%,268.98,264.01,273039,"12:53 ET"
APH,"Amphenol Corp",129.77,0.90000000000001,+0.70%,130.22,128.67,442586,"12:52 ET"
APTV,"Aptiv Plc",128.62,3.58,+2.86%,129.45,126.31,606995,"12:50 ET"
ARE,"Alexandria Real Estate Equities",174.81,-1.08,-0.61%,178.07,174.62,125160,"12:52 ET"
ATO,"Atmos Energy Corp",92.73,0.40000000000001,+0.43%,93.5,92.06,190598,"12:53 ET"
ATVI,"Activision Blizzard",89.99,0.56999999999999,+0.64%,90.08,88.8,2457762,"12:52 ET"
AVB,"Avalonbay Communities",157.99,-0.56999999999999,-0.36%,160.91,157.78,173482,"12:52 ET"
AVGO,"Broadcom Ltd",426.98,-6.12,-1.41%,436,426.05,391063,"12:50 ET"
AVY,"Avery Dennison Corp",153.51,1.75,+1.15%,154.14,151.78,83540,"12:50 ET"
AWK,"American Water Works",148.32,0.25999999999999,+0.18%,150.65,147.7,288235,"12:51 ET"
AXP,"American Express Company",117.85,3.3,+2.88%,118.19,115.78,1032739,"12:53 ET"
AZO,Autozone,1184.95,-5.24,-0.44%,1205.64,1179.55,84621,"12:48 ET"
BA,"Boeing Company",220.47,1.69,+0.77%,224.41,218.12,7270568,"12:53 ET"
BAC,"Bank of America Corp",30.14,0.93,+3.18%,30.15,29.22,24831683,"12:52 ET"
BAX,"Baxter International Inc",79.28,0.62,+0.79%,79.37,78.44,584594,"12:52 ET"
BBY,"Best Buy Company",103.52,-0.61,-0.59%,105.29,102.8,1250937,"12:53 ET"
BDX,"Becton Dickinson and Company",246.82,0.91999999999999,+0.37%,248.23,245.36,208352,"12:52 ET"
BEN,"Franklin Resources",24.9,0.35,+1.43%,25.08,24.58,862985,"12:51 ET"
BF.B,"Brown Forman Inc Cl B",77.54,-0.22,-0.28%,78.6,77.54,162091,"12:52 ET"
BIIB,"Biogen Inc",251.2,3.33,+1.34%,251.4,247,436982,"12:52 ET"
BIO,"Bio-Rad Laboratories",581.09,-2.39,-0.41%,584.96,577.88,38764,"12:51 ET"
BK,"Bank of New York Mellon Corp",41.1,0.82,+2.04%,41.11,40.43,1590211,"12:53 ET"
BKNG,"Booking Holdings Inc",2100.25,47.43,+2.31%,2104.71,2050.43,105858,"12:50 ET"
BKR,"Baker Hughes A Ge CO Cl A",21.2,0.009999999999998,+0.05%,21.59,21.04,1963399,"12:52 ET"
BLK,Blackrock,707.17,13.65,+1.97%,707.24,695.2,251538,"12:53 ET"
BLL,"Ball Corp",91.68,-0.80999999999999,-0.88%,92.88,91.38,275092,"12:51 ET"
BMY,"Bristol-Myers Squibb Company",61.26,-0.17,-0.28%,61.63,61.11,2546065,"12:53 ET"
BR,"Broadridge Financial Solutions Llc",148,-0.47999999999999,-0.32%,148.98,147.82,159061,"12:50 ET"
BRK.B,"Berkshire Hathaway Cl B",224.7,2.82,+1.27%,224.72,222.15,1657952,"12:53 ET"
BSX,"Boston Scientific Corp",34.67,0.31,+0.90%,34.91,34.51,2579971,"12:53 ET"
BWA,"Borgwarner Inc",39.58,0.47,+1.20%,40.32,39.28,836339,"12:51 ET"
BXP,"Boston Properties",93.53,0.64,+0.69%,94.59,93.08,262845,"12:53 ET"
C,"Citigroup Inc",60.88,1.62,+2.73%,61.15,59.41,7911768,"12:52 ET"
CAG,"Conagra Brands Inc",36.46,0.47,+1.31%,36.49,36.06,632914,"12:50 ET"
CAH,"Cardinal Health",53.99,0.36,+0.67%,54.29,53.64,343179,"12:52 ET"
CARR,"Carrier Global Corp [Carr/I]",38.07,0.039999999999999,+0.11%,38.29,37.8,661336,"12:53 ET"
CAT,"Caterpillar Inc",177.83,1.25,+0.71%,178.85,177.01,682189,"12:52 ET"
CB,"Chubb Ltd",150.93,0.76000000000002,+0.51%,151.92,150.39,300525,"12:50 ET"
CBOE,"CBOE Global Markets Inc",91.67,0.96000000000001,+1.06%,91.79,91.12,126799,"12:52 ET"
CBRE,"CBRE Group Inc",63.31,0.74,+1.18%,63.84,62.76,282526,"12:50 ET"
CCI,"Crown Castle International Corp",154.81,1.32,+0.86%,155.38,153.39,751057,"12:52 ET"
CCL,"Carnival Corp",20.84,1.03,+5.20%,21.07,19.85,21752347,"12:53 ET"
CDNS,"Cadence Design Sys",133.49,-0.88,-0.65%,135.99,132.72,466494,"12:53 ET"
CDW,"CDW Corp",130.57,-0.18000000000001,-0.14%,132.59,130.4,338693,"12:50 ET"
CE,"Celanese Corp",130.64,0.42999999999998,+0.33%,132.11,130.25,146572,"12:49 ET"
CERN,"Cerner Corp",78.05,0.67,+0.87%,78.23,77.35,245707,"12:53 ET"
CF,"Cf Industries Holdings",36.69,0.47,+1.30%,36.95,36.3,362071,"12:51 ET"
CFG,"Citizens Financial Group Inc/Ri",35.36,1.12,+3.27%,35.56,34.57,1034401,"12:52 ET"
CHD,"Church & Dwight Company",87.18,0.62,+0.72%,87.37,86.67,182063,"12:50 ET"
CHRW,"C.H. Robinson Ww",93.68,-0.70999999999999,-0.75%,95.2,93.26,391892,"12:53 ET"
CHTR,"Charter Communicatio",651.59,10.49,+1.64%,651.74,640.03,1106569,"12:51 ET"
CI,"Cigna Corp",200.01,5.04,+2.59%,200.45,195,591289,"12:53 ET"
CINF,"Cincinnati Financial",85.33,1.37,+1.63%,87.9,84.67,456215,"12:52 ET"
CL,"Colgate-Palmolive Company",84.84,0.44,+0.52%,84.96,84.2,1090372,"12:53 ET"
CLX,"Clorox Company",203.28,1.89,+0.94%,203.5,201.02,271863,"12:52 ET"
CMA,"Comerica Inc",56.02,1.87,+3.45%,56.43,54.48,361768,"12:52 ET"
CMCSA,"Comcast Corp A",50.03,0.009999999999998,+0.02%,50.24,49.65,4773176,"12:53 ET"
CME,"CME Group Inc",182.59,1.59,+0.88%,183.3,181.3,651489,"12:52 ET"
CMG,"Chipotle Mexican Grill",1417.1,-9.2,-0.65%,1435.52,1412.19,76596,"12:52 ET"
CMI,"Cummins Inc",223.86,0.32000000000002,+0.14%,224.92,221.98,156855,"12:49 ET"
CMS,"Cms Energy Corp",58,0.4,+0.69%,58.28,57.68,313918,"12:53 ET"
CNC,"Centene Corp",58.71,0.64,+1.10%,59.21,58.42,1264106,"12:53 ET"
CNP,"Centerpoint Energy Inc",21.6,0.78,+3.75%,21.61,21.01,1319843,"12:53 ET"
COF,"Capital One Financial Corp",97.55,2.56,+2.70%,97.8,95.75,723553,"12:53 ET"
COG,"Cabot Oil & Gas Corp",17.12,0.33,+1.97%,17.35,16.67,1466350,"12:53 ET"
COO,"Cooper Companies",356.15,3.46,+0.98%,357.9,353.43,44197,"12:48 ET"
COP,Conocophillips,40.03,1,+2.56%,40.71,39.33,2647912,"12:53 ET"
COST,"Costco Wholesale",361.43,-0.59999999999997,-0.17%,363.1,359.5,837823,"12:52 ET"
CPB,"Campbell Soup Company",48.32,0.56,+1.17%,48.33,47.81,247051,"12:49 ET"
CPRT,"Copart Inc",123.6,0.55999999999999,+0.46%,124.09,123.08,219836,"12:53 ET"
CRM,"Salesforce.com Inc",228.71,-2.46,-1.06%,233.3,227.11,4011001,"12:52 ET"
CSCO,"Cisco Systems Inc",44.58,-0.11,-0.25%,44.82,44.37,4989753,"12:53 ET"
CSX,"CSX Corp",89.94,0.39,+0.44%,90.51,89.22,1749207,"12:53 ET"
CTAS,"Cintas Corp",341.69,-6.31,-1.81%,354.97,340.53,172344,"12:50 ET"
CTLT,"Catalent Inc",105.23,0.34,+0.32%,105.37,103.34,279368,"12:51 ET"
CTSH,"Cognizant Tech Sol",81.27,0.25,+0.31%,81.89,81.17,460517,"12:51 ET"
CTVA,"Corteva Inc",39.37,0.39,+1.00%,39.54,39.11,858759,"12:49 ET"
CTXS,"Citrix Systems Inc",133.37,0.65000000000001,+0.49%,134.09,132.28,446687,"12:51 ET"
CVS,"CVS Corp",68.29,1.07,+1.59%,68.48,67.28,2348235,"12:53 ET"
CVX,"Chevron Corp",85.83,1.47,+1.74%,86.66,84.78,3501795,"12:53 ET"
CXO,"Concho Resources Inc",58.3,1.53,+2.70%,59.3,57.26,472803,"12:52 ET"
D,"Dominion Resources",74.65,1.15,+1.56%,74.87,73.87,1205679,"12:51 ET"
DAL,"Delta Air Lines Inc",40.21,1.27,+3.26%,40.47,38.61,7765007,"12:53 ET"
DD,"Du Pont De.Nemours Inc",69.95,-0.47,-0.67%,71.04,69.85,4499782,"12:52 ET"
DE,"Deere & Company",268.81,-0.44999999999999,-0.17%,271.38,268.39,327245,"12:51 ET"
DFS,"Discover Financial Services",88.56,1.72,+1.98%,88.7,87.15,598579,"12:52 ET"
DG,"Dollar General Corp",212.96,-0.10999999999999,-0.05%,213.34,211.63,710328,"12:52 ET"
DGX,"Quest Diagnostics Inc",120.44,-0.76000000000001,-0.63%,122.1,120.42,297288,"12:51 ET"
DHI,"D.R. Horton",70.92,-1.4,-1.94%,72.55,70.51,770880,"12:52 ET"
DHR,"Danaher Corp",223.17,0.23999999999998,+0.11%,224.92,221.21,623058,"12:52 ET"
DIS,"Walt Disney Company",174.82,4.37,+2.56%,174.96,170.88,4004592,"12:53 ET"
DISCA,"Discovery Comm A",28.25,1.04,+3.82%,28.28,27.32,1539896,"12:53 ET"
DISCK,"Discovery Comm Inc",24.79,0.93,+3.90%,24.81,23.88,727477,"12:53 ET"
DISH,"Dish Network Corp",30.55,1.67,+5.78%,30.78,28.82,2783458,"12:52 ET"
DLR,"Digital Realty Trust",138.16,-0.38,-0.27%,139.96,138.13,640851,"12:51 ET"
DLTR,"Dollar Tree Inc",108.09,-0.89,-0.82%,109.43,107.52,606301,"12:52 ET"
DOV,"Dover Corp",124.4,0.96000000000001,+0.78%,125.36,123.73,234646,"12:51 ET"
DOW,"Dow Inc",55.06,0.39,+0.71%,55.77,54.67,1091905,"12:52 ET"
DPZ,"Domino's Pizza Inc",401.34,2.6199999999999,+0.66%,402.63,396.18,201384,"12:53 ET"
DRE,"Duke Realty Corp",39.2,-0.20999999999999,-0.53%,39.74,39.11,443806,"12:52 ET"
DRI,"Darden Restaurants",120.19,0.55,+0.46%,121.29,118.5,554752,"12:53 ET"
DTE,"Dte Energy Company",119.81,0.89,+0.75%,121,119.48,281511,"12:51 ET"
DUK,"Duke Energy Corp",89.65,0.12,+0.13%,90.75,89.43,677422,"12:52 ET"
DVA,"Davita Healthcare Partners Inc",115.52,0.33999999999999,+0.30%,115.86,114.92,137534,"12:53 ET"
DVN,"Devon Energy Corp",15.62,0.79,+5.33%,15.93,14.93,3083238,"12:52 ET"
DXC,"Dxc Technology Company",22.98,0.29,+1.28%,23.44,22.76,1170392,"12:53 ET"
DXCM,Dexcom,359.59,5.36,+1.51%,364.99,356.03,349879,"12:53 ET"
EA,"Electronic Arts Inc",141.73,2.3,+1.65%,141.95,138.63,828481,"12:53 ET"
EBAY,"Ebay Inc",51.76,0.14,+0.27%,52,51.28,2350172,"12:53 ET"
ECL,"Ecolab Inc",215.61,0.40000000000001,+0.19%,219.21,215.5,162131,"12:51 ET"
ED,"Consolidated Edison Company of New York",70.67,1.02,+1.46%,71.25,70.01,987539,"12:53 ET"
EFX,"Equifax Inc",193.57,-0.46000000000001,-0.24%,194.85,192.75,87439,"12:50 ET"
EIX,"Edison International",61.7,0.38,+0.62%,62.12,61.38,253899,"12:53 ET"
EL,"Estee Lauder Companies",261.03,3.57,+1.39%,261.81,256.94,256893,"12:52 ET"
EMN,"Eastman Chemical Company",100.97,-0.019999999999996,-0.02%,102.54,100.83,167249,"12:53 ET"
EMR,"Emerson Electric Company",79.86,0.53,+0.67%,80.43,79.32,764997,"12:52 ET"
EOG,"Eog Resources",49.99,1.14,+2.33%,50.93,49.28,1702997,"12:53 ET"
EQIX,"Equinix Inc",714.42,0.9799999999999,+0.14%,719.27,710.2,101359,"12:51 ET"
EQR,"Equity Residential",57.7,-0.15,-0.26%,58.78,57.59,314392,"12:52 ET"
ES,"Eversource Energy",83.75,0.18000000000001,+0.22%,84.4,83.43,342474,"12:50 ET"
ESS,"Essex Property Trust",233.59,-1.14,-0.49%,237.89,233.38,63600,"12:49 ET"
ETN,"Eaton Corp",117.42,0.81,+0.69%,118.66,117.01,446958,"12:49 ET"
ETR,"Entergy Corp",96.18,0.17,+0.18%,97.36,95.94,393592,"12:52 ET"
ETSY,"Etsy Inc",190.99,-6.39,-3.24%,198.19,190.1,1017541,"12:52 ET"
EVRG,"Evergy Inc",53.43,0.78,+1.48%,53.55,52.82,1102236,"12:52 ET"
EW,"Edwards Lifesciences Corp",89.36,1.36,+1.55%,90.06,88.5,745519,"12:50 ET"
EXC,"Exelon Corp",42.01,0.25,+0.60%,42.43,41.77,1098796,"12:53 ET"
EXPD,"Expeditors Intl",94.98,0.28,+0.30%,95.64,94.01,196249,"12:52 ET"
EXPE,"Expedia Group Inc",127.31,4.16,+3.38%,128.15,123.15,683781,"12:50 ET"
EXR,"Extra Space Storage Inc",114.15,-1.04,-0.90%,115.7,113.38,190764,"12:52 ET"
F,"Ford Motor Company",8.99,0.2,+2.28%,8.99,8.79,24569623,"12:52 ET"
FANG,"Diamondback Energy",47.51,3.46,+7.85%,48.39,44.62,2379345,"12:52 ET"
FAST,"Fastenal Company",49.19,-0.28,-0.57%,49.79,48.9,403304,"12:52 ET"
FB,"Facebook Inc",270.48,3.39,+1.27%,271.18,266.23,6956831,"12:53 ET"
FBHS,"Fortune Brands Home & Security",87.69,-0.090000000000003,-0.10%,88.22,86.34,190197,"12:52 ET"
FCX,"Freeport-Mcmoran Inc",25,0.75,+3.09%,25.25,24.3,7849048,"12:53 ET"
FDX,"Fedex Corp",271.91,-1.3699999999999,-0.50%,276.64,271.26,1249583,"12:52 ET"
FE,"Firstenergy Corp",29.7,-0.25,-0.83%,30.28,29.53,2054083,"12:51 ET"
FFIV,"F5 Networks Inc",176.83,1.19,+0.68%,177.91,175.28,132953,"12:51 ET"
FIS,"Fidelity National Information Services",134.47,-0.34,-0.25%,135.58,133.95,3101042,"12:52 ET"
FISV,"Fiserv Inc",110.85,0.33,+0.30%,111.13,109.61,1270238,"12:53 ET"
FITB,"Fifth Third Bncp",27.73,0.8,+2.97%,27.88,27.07,1544696,"12:52 ET"
FLIR,"Flir Systems Inc",44.75,3.25,+7.83%,44.96,42.28,1246394,"12:53 ET"
FLS,"Flowserve Corp",36.7,0.41,+1.13%,37.27,36.4,160535,"12:51 ET"
FLT,"Fleetcor Technologies",270.85,1.39,+0.52%,272.52,268.56,150192,"12:52 ET"
FMC,"FMC Corp",114.42,0.75,+0.66%,115.33,113.74,115961,"12:47 ET"
FOX,"Fox Corp Cl B",27.72,0.74,+2.74%,27.81,27.03,446859,"12:51 ET"
FOXA,"Fox Corp Cl A",28.1,0.83,+3.04%,28.17,27.29,926804,"12:53 ET"
FRC,"First Republic Bank",139.82,3.17,+2.32%,139.95,137.22,196366,"12:52 ET"
FRT,"Federal Realty Investment Trust",86.82,0.8,+0.93%,87.6,86.19,156961,"12:49 ET"
FTI,"Technipfmc Plc",9.42,0.46,+5.13%,9.64,9.27,1308040,"12:53 ET"
FTNT,"Fortinet Inc",151.14,-1.01,-0.66%,153.75,150.32,494887,"12:53 ET"
FTV,"Fortive Corp",69.33,0.87,+1.27%,69.51,68.19,1306438,"12:53 ET"
GD,"General Dynamics Corp",149.03,2.53,+1.73%,149.4,147,344648,"12:51 ET"
GE,"General Electric Company",10.89,0.28,+2.64%,10.95,10.62,30345230,"12:52 ET"
GILD,"Gilead Sciences Inc",57.27,0.27,+0.47%,57.62,56.9,4205238,"12:53 ET"
GIS,"General Mills",58.81,0.21,+0.36%,59.2,58.62,870712,"12:52 ET"
GL,"Globe Life Inc",93.51,1.76,+1.92%,93.63,92.11,144657,"12:50 ET"
GLW,"Corning Inc",36.63,0.56,+1.55%,36.72,36.15,1123764,"12:52 ET"
GM,"General Motors Company",42.34,1.44,+3.52%,42.47,41,6879820,"12:53 ET"
GOOG,"Alphabet Cl C",1732.2,8.7,+0.50%,1747.99,1725.04,347714,"12:53 ET"
GOOGL,"Alphabet Cl A",1726.82,6.5999999999999,+0.38%,1744.11,1721.2,432131,"12:49 ET"
GPC,"Genuine Parts Company",99.05,0.41,+0.42%,100.33,98.55,212666,"12:52 ET"
GPN,"Global Payments Inc",199.15,1.32,+0.67%,199.82,196.92,510201,"12:52 ET"
GPS,"Gap Inc",20.65,0.58,+2.89%,20.68,20.02,2327525,"12:51 ET"
GRMN,"Garmin Ltd",120.18,1.04,+0.87%,121.34,119.77,183387,"12:53 ET"
GS,"Goldman Sachs Group",258.43,8.34,+3.33%,258.44,250.31,1507361,"12:53 ET"
GWW,"W.W. Grainger",408.54,-1.79,-0.44%,411.49,403.43,149173,"12:51 ET"
HAL,"Halliburton Company",19.55,0.43,+2.25%,19.98,19.23,4030802,"12:51 ET"
HAS,"Hasbro Inc",92.49,0.11,+0.12%,93.44,91.84,289976,"12:52 ET"
HBAN,"Huntington Bcshs",12.41,0.28,+2.31%,12.43,12.19,7182170,"12:52 ET"
HBI,"Hanesbrands Inc",14.66,0.59,+4.19%,14.84,14.08,3088298,"12:52 ET"
HCA,"Hca Holdings Inc",165.57,2.3,+1.41%,166.2,164.42,230191,"12:47 ET"
HD,"Home Depot",269.49,-0.55000000000001,-0.20%,271,268.2,924855,"12:53 ET"
HES,"Hess Corp",53.89,1.8,+3.46%,54.93,52.69,438642,"12:53 ET"
HFC,"Hollyfrontier Corp",25.62,1.3,+5.35%,25.89,24.41,581570,"12:49 ET"
HIG,"Hartford Financial Services Group",48.49,0.85,+1.78%,48.75,47.95,564513,"12:52 ET"
HII,"Huntington Ingalls Industries",166.04,2.41,+1.47%,166.7,163.98,59358,"12:52 ET"
HLT,"Hilton Inc",105.49,2.54,+2.47%,106.21,102.95,833908,"12:52 ET"
HOLX,"Hologic Inc",75.15,0.48,+0.64%,75.54,74.39,588509,"12:52 ET"
HON,"Honeywell International Inc",210.8,2.86,+1.38%,212.14,208.62,716102,"12:52 ET"
HPE,"Hewlett Packard Enterprise Comp",11.8,0.19,+1.64%,11.88,11.66,2599328,"12:53 ET"
HPQ,"Hp Inc",24.39,0.23,+0.95%,24.46,24.03,2108984,"12:53 ET"
HRL,"Hormel Foods Corp",47.25,0.22,+0.47%,47.38,47.01,320869,"12:53 ET"
HSIC,"Henry Schein Inc",66.62,0.52000000000001,+0.79%,66.96,66.08,138558,"12:51 ET"
HST,"Host Marriott Financial Trust",14.03,0.41,+3.01%,14.04,13.7,2544443,"12:52 ET"
HSY,"Hershey Foods Corp",149.75,1.13,+0.76%,150.29,149.17,206081,"12:52 ET"
HUM,"Humana Inc",406.1,17.66,+4.55%,408.18,389.5,787751,"12:53 ET"
HWM,"Howmet Aerospace Inc",27.6,1.14,+4.31%,27.91,26.7,1328572,"12:52 ET"
IBM,"International Business Machines",124.81,1.2,+0.97%,125.21,123.74,1191440,"12:52 ET"
ICE,"Intercontinental Exchange",113.3,0.14,+0.12%,114.29,112.77,398839,"12:53 ET"
IDXX,"Idexx Laboratories",497.37,-1.78,-0.36%,502.92,492.69,79238,"12:53 ET"
IEX,"Idex Corp",195.94,-0.44999999999999,-0.23%,197.7,194.31,84523,"12:52 ET"
IFF,"International Flavors & Fragrances",112.05,-2.91,-2.53%,114.83,111.54,681194,"12:53 ET"
ILMN,"Illumina Inc",370.87,-0.089999999999975,-0.02%,374.18,368.24,252245,"12:52 ET"
INCY,"Incyte Corp",88.38,0.39,+0.44%,88.96,87.54,144131,"12:52 ET"
INFO,"IHS Markit Ltd",87.41,0.53999999999999,+0.62%,88.26,87.07,876093,"12:52 ET"
INTC,"Intel Corp",46.39,0.22,+0.48%,46.79,45.97,9162404,"12:53 ET"
INTU,"Intuit Inc",381.14,1.17,+0.31%,383.94,378.04,388406,"12:52 ET"
IP,"International Paper Company",49.65,0.25,+0.51%,49.97,49.3,597517,"12:53 ET"
IPG,"Interpublic Group of Companies",23.62,0.56,+2.43%,23.68,23.13,1331346,"12:52 ET"
IPGP,"Ipg Photonics Corp",221.73,2.97,+1.36%,222.12,217.34,32335,"12:45 ET"
IQV,"Iqvia Holdings Inc",176.28,-0.69999999999999,-0.40%,178.99,174.89,391870,"12:50 ET"
IR,"Ingersoll Rand Inc",45.56,0.039999999999999,+0.09%,45.99,45.33,289177,"12:52 ET"
IRM,"Iron Mountain Inc",29.69,0.1,+0.34%,29.87,29.57,823405,"12:52 ET"
ISRG,"Intuitive Surg Inc",818.28,3.03,+0.37%,826.81,810,182299,"12:52 ET"
IT,"Gartner Inc",158.56,2.13,+1.36%,159.09,156.46,106016,"12:52 ET"
ITW,"Illinois Tool Works Inc",203.45,1.06,+0.52%,204.35,202.49,204668,"12:52 ET"
IVZ,"Invesco Plc",17.54,0.56,+3.30%,17.67,16.98,1202536,"12:51 ET"
J,"Jacobs Engineering Group Inc",107.46,1.35,+1.27%,108.17,106.53,130573,"12:47 ET"
JBHT,"J B Hunt Transport",138.5,-1.36,-0.97%,141.14,137.86,158563,"12:51 ET"
JCI,"Johnson Controls Intl",45.78,0.14,+0.31%,46.17,45.49,862973,"12:51 ET"
JKHY,"Jack Henry & Assoc",156.97,2.25,+1.45%,157.99,154.98,205445,"12:51 ET"
JNJ,"Johnson & Johnson",152.64,-0.080000000000013,-0.05%,153.6,151.9,1824523,"12:53 ET"
JNPR,"Juniper Networks",22.47,0.099999999999998,+0.45%,22.56,22.24,1426169,"12:51 ET"
JPM,"JP Morgan Chase & Company",125.88,4.21,+3.46%,125.9,122,6219625,"12:52 ET"
K,"Kellogg Company",61.86,0.67,+1.09%,61.96,61.3,417065,"12:50 ET"
KEY,Keycorp,16.34,0.6,+3.81%,16.4,15.91,2595255,"12:51 ET"
KEYS,"Keysight Technologies Inc Comm",130.92,2.23,+1.73%,131.86,128.69,469503,"12:51 ET"
KHC,"Kraft Heinz Company",34.94,0.55,+1.60%,34.94,34.25,1287821,"12:52 ET"
KIM,"Kimco Realty Corp",14.54,0.15,+1.04%,14.72,14.42,708296,"12:51 ET"
KLAC,"K L A-Tencor Corp",256.6,-0.98999999999995,-0.38%,258.59,253.87,298690,"12:50 ET"
KMB,"Kimberly-Clark Corp",133.36,0.69000000000003,+0.52%,133.72,132.68,510104,"12:53 ET"
KMI,"Kinder Morgan",13.9,0.12,+0.87%,14.08,13.83,6801046,"12:52 ET"
KMX,"Carmax Inc",93.3,0.97,+1.05%,93.71,92,1201792,"12:52 ET"
KO,"Coca-Cola Company",53.19,0.43,+0.82%,53.39,52.84,2977883,"12:53 ET"
KR,"Kroger Company",31.52,0.63,+2.04%,31.52,30.85,3916238,"12:52 ET"
KSU,"Kansas City Southern",199.53,3.56,+1.82%,199.82,196.33,232868,"12:53 ET"
L,"Loews Corp",44.24,1.19,+2.76%,44.3,43.49,227612,"12:51 ET"
LB,"L Brands Inc",39.01,1.01,+2.66%,39.15,37.69,821444,"12:53 ET"
LDOS,"Leidos Holdings Inc",104.97,2.62,+2.56%,105.26,103.05,176734,"12:52 ET"
LEG,"Leggett & Platt Inc",41.6,0.31,+0.75%,42.07,41.5,284492,"12:46 ET"
LEN,"Lennar Corp",78.53,-1.81,-2.25%,80.52,78.16,810712,"12:52 ET"
LH,"Laboratory Corp of America Holdings",203.21,-0.17999999999998,-0.09%,204.78,202.55,117110,"12:45 ET"
LHX,"L3Harris Technologies Inc",186.7,2.59,+1.41%,187.31,184.09,324317,"12:51 ET"
LIN,"Linde Plc",256.39,2.93,+1.16%,257.45,254.89,362655,"12:53 ET"
LKQ,"LKQ Corp",36.14,0.16,+0.44%,36.52,36.14,246181,"12:49 ET"
LLY,"Eli Lilly and Company",166.83,0.11000000000001,+0.07%,168,166.23,521332,"12:52 ET"
LMT,"Lockheed Martin Corp",353.87,5.95,+1.71%,354.99,348.84,554446,"12:51 ET"
LNC,"Lincoln National Corp",50,2.03,+4.23%,50.03,48.69,315825,"12:52 ET"
LNT,"Alliant Energy Corp",50.17,-0.009999999999998,-0.02%,50.69,50.14,244485,"12:52 ET"
LOW,"Lowe's Companies",162.6,-2.01,-1.22%,165.63,162.48,1255698,"12:53 ET"
LRCX,"Lam Research Corp",477.72,0.77000000000004,+0.16%,480.82,474,235307,"12:52 ET"
LUMN,Centurylink,9.83,0.050000000000001,+0.51%,9.92,9.8,3841282,"12:49 ET"
LUV,"Southwest Airlines Company",46.5,1.18,+2.60%,46.83,45.32,2622469,"12:52 ET"
LVS,"Las Vegas Sands",57.21,0.96,+1.71%,57.7,56.25,1025269,"12:53 ET"
LW,"Lamb Weston Holdings Inc",78.12,0.78,+1.01%,79.35,77.38,191535,"12:50 ET"
LYB,"Lyondellbasell Industries NV",91.34,1.53,+1.70%,92.26,90.17,330956,"12:51 ET"
LYV,"Live Nation Entertainment",72.39,0.38,+0.53%,73.06,71.76,869315,"12:52 ET"
MA,"Mastercard Inc",331.76,-0.48000000000002,-0.14%,335.21,331.04,894653,"12:53 ET"
MAA,"Mid-America Apartment Communities",123.7,-1.58,-1.26%,126.25,123.6,147470,"12:52 ET"
MAR,"Marriot Int Cl A",128.54,2.28,+1.81%,128.96,126.73,812207,"12:52 ET"
MAS,"Masco Corp",56.78,0.15,+0.26%,57.01,56.17,461029,"12:52 ET"
MCD,"McDonald's Corp",213.09,1.17,+0.55%,213.31,211.79,688758,"12:53 ET"
MCHP,"Microchip Technology",136.89,-0.060000000000002,-0.04%,137.94,136.3,427998,"12:53 ET"
MCK,"Mckesson Corp",171.46,1.45,+0.85%,172.95,170.11,214680,"12:52 ET"
MCO,"Moody's Corp",280.21,-1.06,-0.38%,284.45,280.17,121829,"12:52 ET"
MDLZ,"Mondelez Intl Inc",57.64,0.48,+0.84%,57.73,57.35,1563448,"12:52 ET"
MDT,"Medtronic Inc",114.93,0.30000000000001,+0.26%,115.59,114.14,777390,"12:53 ET"
MET,"Metlife Inc",46.51,1.3,+2.88%,46.6,45.52,1665394,"12:52 ET"
MGM,"MGM Resorts International",31.07,0.72,+2.37%,31.39,30.46,2494309,"12:53 ET"
MHK,"Mohawk Industries",136.65,0.98000000000002,+0.72%,138.12,136,157131,"12:52 ET"
MKC,"Mccormick & Company Inc",93.44,0.48,+0.52%,93.6,92.9,155055,"12:49 ET"
MKTX,"Marketaxess Holdings",578.32,-12,-2.03%,601.41,573.98,58048,"12:52 ET"
MLM,"Martin Marietta Materials",273.2,-0.10000000000002,-0.04%,275.39,270.75,103955,"12:49 ET"
MMC,"Marsh & Mclennan Companies",114.28,-0.12,-0.10%,115.15,114,297077,"12:51 ET"
MMM,"3M Company",174.51,-0.27000000000001,-0.15%,175.84,174.21,499441,"12:52 ET"
MNST,"Monster Beverage Cp",88.83,0.56,+0.63%,89.1,88.18,306370,"12:52 ET"
MO,"Altria Group",42.81,0.26000000000001,+0.61%,42.99,42.61,3241547,"12:52 ET"
MOS,"Mosaic Company",21.95,0.079999999999998,+0.37%,22.26,21.83,2355006,"12:52 ET"
MPC,"Marathon Petroleum Corp",41.3,1.63,+4.11%,41.65,40,1856491,"12:53 ET"
MRK,"Merck & Company",80.25,0.83,+1.05%,80.43,79.53,2537559,"12:52 ET"
MRO,"Marathon Oil Corp",6.76,0.45,+7.13%,6.96,6.4,19382113,"12:53 ET"
MS,"Morgan Stanley",68.75,2.11,+3.17%,68.78,66.97,3530752,"12:53 ET"
MSCI,"MSCI Inc",434.09,-3.49,-0.80%,438.09,432.52,69930,"12:49 ET"
MSFT,"Microsoft Corp",222.72,-1.22,-0.54%,224.25,221.95,8296040,"12:53 ET"
MSI,"Motorola Solutions",169.59,2.14,+1.28%,170.34,167.91,235827,"12:52 ET"
MTB,"M&T Bank Corp",124.83,3.69,+3.05%,125.65,122.02,205638,"12:51 ET"
MTD,"Mettler-Toledo International",1124.82,-0.71000000000004,-0.06%,1131.31,1113.23,24053,"12:50 ET"
MU,"Micron Technology",70.47,0.030000000000001,+0.04%,71.06,70.17,4206124,"12:53 ET"
MXIM,"Maxim Integrated",86.38,-0.030000000000001,-0.03%,87.03,86.17,351021,"12:52 ET"
NCLH,"Norwegian Cruise Ord",24.31,1.23,+5.33%,24.6,22.84,12349232,"12:53 ET"
NDAQ,"Nasdaq Inc",129.1,-0.80000000000001,-0.62%,130.74,128.66,169751,"12:53 ET"
NEE,"Nextera Energy",75.11,0.40000000000001,+0.54%,75.55,74.65,2060035,"12:53 ET"
NEM,"Newmont Mining Corp",59.95,0.54000000000001,+0.91%,60.31,59.55,1693415,"12:53 ET"
NFLX,"Netflix Inc",518.84,-8.49,-1.61%,526.39,517.2,1207166,"12:53 ET"
NI,"NiSource Inc",21.96,0.25,+1.15%,22.16,21.73,1136415,"12:51 ET"
NKE,"Nike Inc",142.05,-0.39999999999998,-0.28%,143.6,141.7,1439299,"12:53 ET"
NLOK,"Nortonlifelock Inc",21.14,-0.2,-0.94%,21.42,21.01,1329060,"12:53 ET"
NLSN,"Nielsen Holdings Plc",20.2,0.46,+2.33%,20.29,19.86,671179,"12:52 ET"
NOC,"Northrop Grumman Corp",302.15,5.83,+1.97%,302.86,297.56,251260,"12:52 ET"
NOV,National-Oilwell,13.58,0.49,+3.74%,13.9,13.17,1569194,"12:52 ET"
NOW,"Servicenow Inc",551.43,-10.29,-1.83%,565,551.28,326111,"12:53 ET"
NRG,"NRG Energy",35.36,0.81,+2.34%,35.37,34.75,446620,"12:51 ET"
NSC,"Norfolk Southern Corp",233.44,2.94,+1.28%,234.2,230.5,351689,"12:49 ET"
NTAP,"Netapp Inc",66.52,0.33999999999999,+0.51%,67.63,66.16,649478,"12:51 ET"
NTRS,"Northern Trust Corp",92.74,2.14,+2.36%,92.86,91.29,145142,"12:52 ET"
NUE,"Nucor Corp",52.75,-0.34,-0.64%,53.57,52.43,692525,"12:51 ET"
NVDA,"Nvidia Corp",523.81,-7.3200000000001,-1.38%,531,521.62,2207500,"12:53 ET"
NVR,"NVR Inc",4143.5,-58.8,-1.40%,4210,4137.49,3903,"12:37 ET"
NWL,"Newell Rubbermaid Inc",21.27,0.19,+0.90%,21.34,21.13,519687,"12:51 ET"
NWS,"News Cp Cl B",17.49,-0.030000000000001,-0.17%,17.65,17.46,186116,"12:50 ET"
NWSA,"News Cp Cl A",17.66,0.02,+0.11%,17.82,17.62,661259,"12:52 ET"
O,"Realty Income Corp",61.01,0.079999999999998,+0.13%,61.43,60.5,1004581,"12:52 ET"
ODFL,"Old Dominion Freight Line Inc",197.27,-1.39,-0.70%,200.43,197.27,129632,"12:53 ET"
OKE,"Oneok Inc",38.82,0.19,+0.49%,39.58,38.47,1062146,"12:53 ET"
OMC,"Omnicom Group Inc",61.65,1.86,+3.11%,61.69,59.88,615995,"12:52 ET"
ORCL,"Oracle Corp",65.98,0.83,+1.27%,66.16,65.15,5856540,"12:52 ET"
ORLY,"O'Reilly Automotive",457.53,4.14,+0.91%,458.99,453.06,130552,"12:49 ET"
OTIS,"Otis Worldwide Corp [Otis/I]",66.02,0.61,+0.93%,66.24,65.3,321520,"12:50 ET"
OXY,"Occidental Petroleum Corp",17.95,1.03,+6.09%,18.39,16.98,14450903,"12:51 ET"
PAYC,"Paycom Software Inc",464.79,-0.33999999999997,-0.07%,471.08,460.56,137149,"12:52 ET"
PAYX,"Paychex Inc",96.35,-0.28,-0.29%,100,95.72,1581757,"12:53 ET"
PBCT,"People's United Finl",12.86,0.3,+2.39%,12.94,12.64,1482855,"12:51 ET"
PCAR,"Paccar Inc",85.1,0.22999999999999,+0.27%,85.5,83.97,181067,"12:53 ET"
PEAK,"Healthpeak Properties Inc",29.84,0.17,+0.57%,29.99,29.68,1287567,"12:52 ET"
PEG,"Public Service Enterprise Group Inc",57.11,0.72,+1.28%,57.33,56.74,368245,"12:51 ET"
PEP,"Pepsico Inc",144.61,0.59,+0.41%,145.6,144.07,969823,"12:53 ET"
PFE,"Pfizer Inc",37.56,0.82,+2.23%,37.65,36.88,20825812,"12:53 ET"
PFG,"Principal Financial Group Inc",48.67,1.27,+2.68%,48.95,47.89,357259,"12:51 ET"
PG,"Procter & Gamble Company",137.04,0.48999999999998,+0.36%,137.57,136.13,2419433,"12:52 ET"
PGR,"Progressive Corp",97.68,-0.30999999999999,-0.32%,98.85,97.33,556165,"12:52 ET"
PH,"Parker-Hannifin Corp",268.6,1.02,+0.38%,271.06,267.68,233720,"12:53 ET"
PHM,Pultegroup,44.28,-1.13,-2.49%,45.57,44.12,681420,"12:52 ET"
PKG,"Packaging Corp of America",136.11,2.3,+1.72%,136.79,133.9,165910,"12:50 ET"
PKI,Perkinelmer,139.98,0.11999999999998,+0.09%,140.39,137.58,133539,"12:52 ET"
PLD,"Prologis Inc",97.54,-0.11,-0.11%,98.92,97.45,593475,"12:48 ET"
PM,"Philip Morris International Inc",82.25,0.060000000000002,+0.07%,82.72,82.03,1161434,"12:52 ET"
PNC,"PNC Bank",147,3.27,+2.28%,147.34,144.16,485834,"12:53 ET"
PNR,"Pentair Ltd",52.97,0.37,+0.70%,53.41,52.72,143301,"12:52 ET"
PNW,"Pinnacle West Capital Corp",78.37,0.59,+0.76%,79.37,78.08,205918,"12:53 ET"
POOL,"Pool Corp",364.02,-5.71,-1.54%,371.68,363.02,47241,"12:49 ET"
PPG,"PPG Industries",145.06,0.36000000000001,+0.25%,146.11,144.57,291639,"12:52 ET"
PPL,"PPL Corp",26.82,0.49,+1.86%,27.01,26.38,2217144,"12:52 ET"
PRGO,"Perrigo Company",43.72,-0.13,-0.30%,44.25,43.46,259160,"12:53 ET"
PRU,"Prudential Financial Inc",77.13,2.13,+2.84%,77.3,75.86,720239,"12:49 ET"
PSA,"Public Storage",229.49,-2.7,-1.16%,232.75,229.16,169542,"12:50 ET"
PSX,"Phillips 66",69.31,1.8,+2.67%,69.97,68.01,1362868,"12:53 ET"
PVH,"Phillips-Van Heusen Corp",94.12,2.44,+2.66%,94.74,92.29,299822,"12:51 ET"
PWR,"Quanta Services",70.69,1.56,+2.26%,71.08,69.37,524840,"12:52 ET"
PXD,"Pioneer Natural Resources Company",112.97,4.53,+4.18%,114.88,109.44,534380,"12:51 ET"
PYPL,"Paypal Holdings",240.9,-2.59,-1.06%,245.79,238.33,3039241,"12:53 ET"
QCOM,"Qualcomm Inc",148.41,2.07,+1.41%,151.54,147.26,2401863,"12:53 ET"
QRVO,"Qorvo Inc",168.42,5.16,+3.16%,169.11,163.26,840405,"12:53 ET"
RCL,"Royal Caribbean Cruises Ltd",71.06,1.37,+1.97%,72.87,69.74,2464573,"12:52 ET"
RE,"Everest Re Group",230.3,2.16,+0.95%,232.57,228.68,33697,"12:47 ET"
REG,"Regency Centers Corp",45.42,0.18,+0.40%,46.14,45.32,208542,"12:53 ET"
REGN,"Regeneron Pharmaceuticals",490.4,0.33999999999997,+0.07%,493.91,488.52,258293,"12:51 ET"
RF,"Regions Financial Corp",15.99,0.56,+3.63%,16.06,15.52,2705984,"12:51 ET"
RHI,"Robert Half International Inc",62.78,0.74,+1.19%,63.12,62.31,368034,"12:51 ET"
RJF,"Raymond James Financial",94.84,1.1,+1.17%,95.58,93.96,295580,"12:49 ET"
RL,"Ralph Lauren Corp",101.38,2.54,+2.57%,101.82,99.44,153929,"12:52 ET"
RMD,"Resmed Inc",212.61,0.94000000000003,+0.44%,213.1,210.5,62653,"12:52 ET"
ROK,"Rockwell Automation Inc",250.07,2.43,+0.98%,250.89,248.41,170840,"12:51 ET"
ROL,"Rollins Inc",40.35,-0.5,-1.22%,41.22,40.35,270750,"12:51 ET"
ROP,"Roper Industries",422.4,9.48,+2.30%,424.01,415.66,245279,"12:53 ET"
ROST,"Ross Stores Inc",117.84,1.1,+0.94%,118.92,117.22,320177,"12:52 ET"
RSG,"Republic Services",95.77,-0.049999999999997,-0.05%,96.67,95.33,293616,"12:49 ET"
RTX,"Raytheon Technologies Corp",70.9,1.65,+2.38%,71.41,69.59,1758202,"12:53 ET"
SBAC,"SBA Communications",277.39,1.47,+0.53%,279.45,274.7,176315,"12:50 ET"
SBUX,"Starbucks Corp",102.4,-0.0099999999999909,-0.01%,102.68,102.02,1214079,"12:53 ET"
SCHW,"The Charles Schwab Corp",52.44,0.8,+1.55%,52.71,51.6,1647296,"12:53 ET"
SEE,"Sealed Air Corp",45.94,0.77,+1.70%,46.14,45.16,254289,"12:53 ET"
SHW,"Sherwin-Williams Company",731.05,-6.0200000000001,-0.82%,740.6,730,89649,"12:53 ET"
SIVB,"Svb Financial Group",378.59,10.39,+2.82%,379.41,368.85,81857,"12:52 ET"
SJM,"J.M. Smucker Company",115.74,1.01,+0.88%,116.25,114.85,159322,"12:51 ET"
SLB,"Schlumberger N.V.",21.92,0.56,+2.62%,22.3,21.45,4348538,"12:52 ET"
SLG,"SL Green Realty Corp",56.3,0.34999999999999,+0.63%,57.34,56.13,405822,"12:51 ET"
SNA,"Snap-On Inc",168.64,1.1,+0.66%,169.58,167.34,90974,"12:49 ET"
SNPS,"Synopsys Inc",256.99,-1.06,-0.41%,260.26,256.47,213026,"12:53 ET"
SO,"Southern Company",60.15,0.43,+0.72%,60.37,59.86,659337,"12:50 ET"
SPG,"Simon Property Group",84.53,0.81,+0.97%,85.25,82.88,1521993,"12:52 ET"
SPGI,"S&P Global Inc",319.14,0.20999999999998,+0.07%,321.57,318.32,393298,"12:50 ET"
SRE,"Sempra Energy",127.11,0.84,+0.67%,127.88,126.66,247830,"12:49 ET"
STE,"Steris Corp",184.39,1.8,+0.99%,184.93,182.35,58133,"12:52 ET"
STT,"State Street Corp",71.85,1.66,+2.37%,72.47,70.52,471824,"12:52 ET"
STX,"Seagate Tech Ord Shs",63.23,-0.48,-0.75%,63.95,63.14,614105,"12:52 ET"
STZ,"Constellation Brands Inc",216.1,3.15,+1.48%,216.32,212.89,130810,"12:52 ET"
SWK,"Stanley Black & Decker Inc",177.87,-1.15,-0.64%,180.3,177.21,238509,"12:53 ET"
SWKS,"Skyworks Solutions",151.77,2.34,+1.57%,151.83,148.74,581631,"12:50 ET"
SYF,"Synchrony Financial",34.16,0.9,+2.71%,34.27,33.53,1252204,"12:53 ET"
SYK,"Stryker Corp",238.49,3.2,+1.36%,239,236.36,185815,"12:50 ET"
SYY,"Sysco Corp",72.87,0.95,+1.32%,73.43,72.4,624255,"12:51 ET"
T,"AT&T Inc",28.74,0.34,+1.20%,28.88,28.42,17757240,"12:52 ET"
TAP,"Molson Coors Brewing Company",45.23,0.81,+1.82%,45.4,44.59,399642,"12:52 ET"
TDG,"Transdigm Group Inc",610.85,14.62,+2.45%,617.08,598.8,44412,"12:50 ET"
TDY,"Teledyne Technologies Inc",387.82,8.99,+2.37%,387.82,379.96,32272,"12:50 ET"
TEL,"Te Connectivity Ltd",119.61,2.82,+2.41%,119.66,117.77,575231,"12:52 ET"
TER,"Teradyne Inc",118.54,-0.029999999999987,-0.03%,119.29,117.21,325222,"12:52 ET"
TFC,"Truist Financial Corp",47.36,1.33,+2.89%,47.42,46.26,2335121,"12:53 ET"
TFX,"Teleflex Inc",399.77,2.93,+0.74%,402.51,397.52,30295,"12:51 ET"
TGT,"Target Corp",175.91,3.56,+2.07%,176.33,171.88,2359252,"12:53 ET"
TIF,"Tiffany & Company",131.16,0.0099999999999909,+0.01%,131.22,131.12,416927,"12:51 ET"
TJX,"TJX Companies",67.53,0.56,+0.84%,68.08,67.39,1185572,"12:52 ET"
TMO,"Thermo Fisher Scientific Inc",462.88,-2.32,-0.50%,469.38,460.46,400315,"12:52 ET"
TMUS,"T-Mobile US",132.43,0.18000000000001,+0.14%,132.55,130.95,762075,"12:52 ET"
TPR,"Tapestry Inc",30.24,0.069999999999997,+0.23%,30.64,29.92,2590861,"12:53 ET"
TROW,"T Rowe Price Group",149.01,1.59,+1.08%,149.3,147.88,220063,"12:52 ET"
TRV,"The Travelers Companies Inc",137.42,0.94,+0.69%,138.55,136.91,290559,"12:52 ET"
TSCO,"Tractor Supply Company",146.73,-3.04,-2.03%,150.33,146.57,288933,"12:52 ET"
TSLA,"Tesla Inc",644.82,4.48,+0.70%,651.5,622.57,22101919,"12:53 ET"
TSN,"Tyson Foods",63.6,1.12,+1.79%,63.71,62.83,702711,"12:53 ET"
TT,"Trane Technologies Plc",143.3,0.30000000000001,+0.21%,144.15,142.09,266673,"12:48 ET"
TTWO,"Take-Two Interacti",202.79,0.92999999999998,+0.46%,203.44,199.93,313674,"12:53 ET"
TWTR,"Twitter Inc",54.43,-0.48,-0.87%,55.45,54.23,3028108,"12:53 ET"
TXN,"Texas Instruments",162.48,-0.04000000000002,-0.02%,163.23,162,594586,"12:51 ET"
TXT,"Textron Inc",48.46,1.64,+3.50%,48.62,47.17,254702,"12:52 ET"
TYL,"Tyler Technologies",438.67,0.15000000000003,+0.03%,440.79,432.3,49859,"12:49 ET"
UA,"Under Armour Inc Cl C",14.87,0.19,+1.29%,15,14.6,2246709,"12:53 ET"
UAA,"Under Armour",17.17,0.29,+1.72%,17.32,16.67,2555000,"12:53 ET"
UAL,"United Airlines Holdings Inc",44.15,1.18,+2.75%,44.69,42.06,10951208,"12:52 ET"
UDR,"United Dominion Realty Trust",37.49,0.12,+0.32%,37.95,37.43,524675,"12:52 ET"
UHS,"Universal Health Services",137.16,1.36,+1.00%,138.17,136.63,56863,"12:51 ET"
ULTA,"Ulta Beauty Inc",270.25,5.16,+1.95%,272.53,267.4,253206,"12:52 ET"
UNH,"Unitedhealth Group Inc",340.55,5.54,+1.65%,341.63,335,822652,"12:53 ET"
UNM,"Unumprovident Corp",21.98,0.66,+3.10%,22.13,21.56,560985,"12:52 ET"
UNP,"Union Pacific Corp",202.05,0.53,+0.26%,203.51,201.52,789110,"12:52 ET"
UPS,"United Parcel Service",173.85,-0.71000000000001,-0.41%,175.94,173.22,947294,"12:52 ET"
URI,"United Rentals",230.39,3,+1.32%,231.52,227.39,229382,"12:51 ET"
USB,"U.S. Bancorp",46.9,1.31,+2.87%,46.9,45.72,1865235,"12:53 ET"
V,"Visa Inc",206.4,0.56,+0.27%,207.5,205.11,2416963,"12:53 ET"
VAR,"Varian Medical Systems",174.72,0.19999999999999,+0.11%,174.82,174.55,98547,"12:52 ET"
VFC,"V.F. Corp",84,1.12,+1.35%,84.25,83.12,509263,"12:52 ET"
VIAC,"Viacomcbs Inc Cl B",36.33,1.44,+4.13%,36.35,34.91,2459243,"12:53 ET"
VLO,"Valero Energy Corp",55.65,1.95,+3.63%,55.93,54,1484972,"12:51 ET"
VMC,"Vulcan Materials Company",143.2,-0.070000000000022,-0.05%,143.87,141.24,223075,"12:53 ET"
VNO,"Vornado Realty Trust",36.35,0.94,+2.65%,36.45,35.45,420975,"12:51 ET"
VNT,"Vontier Corp [Vnt/I]",34.08,0.039999999999999,+0.12%,34.35,33.97,241796,"12:48 ET"
VRSK,"Verisk Analytics Inc",201.73,-0.20000000000002,-0.10%,203.16,200.5,148125,"12:53 ET"
VRSN,"Verisign Inc",216.16,-0.18000000000001,-0.08%,217.35,215.1,93284,"12:50 ET"
VRTX,"Vertex Pharmaceutic",236.28,1.38,+0.59%,238.57,234.08,502563,"12:52 ET"
VTR,"Ventas Inc",49.03,-0.21,-0.43%,49.96,48.83,438052,"12:51 ET"
VTRS,"Viatris Inc",17.94,0.2,+1.13%,17.94,17.64,2712031,"12:52 ET"
VZ,"Verizon Communications Inc",59.1,0.11,+0.19%,59.28,58.88,5925342,"12:53 ET"
WAB,"Wabtec Corp",72.7,0.49000000000001,+0.68%,72.91,71.47,346317,"12:51 ET"
WAT,"Waters Corp",247.46,1.17,+0.48%,248.23,245.77,36741,"12:52 ET"
WBA,"Walgreens Boots Alliance",39.95,0.68,+1.73%,40.24,39.4,2249840,"12:52 ET"
WDC,"Western Digital Cp",50.29,0.57,+1.15%,50.6,49.41,1468414,"12:53 ET"
WEC,"Wisconsin Energy Corp",89.45,-0.019999999999996,-0.02%,90.04,89.14,414298,"12:52 ET"
WELL,"Welltower Inc",62.63,-0.039999999999999,-0.06%,63.43,62.43,481615,"12:52 ET"
WFC,"Wells Fargo & Company",30.1,1.14,+3.94%,30.12,29,17864465,"12:53 ET"
WHR,"Whirlpool Corp",188.4,0.61000000000001,+0.32%,189.95,187.46,154617,"12:52 ET"
WLTW,"Willis Towers WT",209.9,0.28,+0.13%,212.67,209.31,297224,"12:44 ET"
WM,"Waste Management",117.18,-0.73999999999999,-0.63%,118.31,117.12,305675,"12:50 ET"
WMB,"Williams Companies",20.81,0.2,+0.97%,21.08,20.72,2587394,"12:52 ET"
WMT,"Wal-Mart Stores",143.46,-0.73999999999998,-0.51%,144.22,142.3,4004397,"12:53 ET"
WRB,"W.R. Berkley Corp",66.25,0.87,+1.33%,66.66,65.78,113001,"12:49 ET"
WRK,"Westrock Company",44.48,0.65,+1.48%,45.14,44.15,360240,"12:51 ET"
WST,"West Pharmaceutical Services",284.41,1.5,+0.53%,285.66,279.02,217183,"12:53 ET"
WU,"Western Union Company",21.74,-0.060000000000002,-0.28%,21.93,21.69,916739,"12:53 ET"
WY,"Weyerhaeuser Company",33.99,0.64,+1.92%,34.3,33.68,1189225,"12:52 ET"
WYNN,"Wynn Resorts Ltd",116.1,3.49,+3.10%,116.93,113.5,1041354,"12:53 ET"
XEL,"XCEL Energy Inc",64.71,-0.12,-0.19%,65.57,64.52,355882,"12:52 ET"
XLNX,"Xilinx Inc",142.64,-1.52,-1.05%,144.15,141.74,603491,"12:52 ET"
XOM,"Exxon Mobil Corp",42.13,0.89,+2.16%,42.39,41.4,9732611,"12:52 ET"
XRAY,"Dentsply Sirona Inc",52.1,0.29,+0.56%,52.45,51.66,101906,"12:51 ET"
XRX,"Xerox Corp",22.74,0.36,+1.61%,22.91,22.48,566756,"12:52 ET"
XYL,"Xylem Inc",100.31,0.91,+0.92%,100.75,99.38,246826,"12:51 ET"
YUM,"Yum! Brands",107.58,0.17999999999999,+0.17%,107.87,106.85,303650,"12:49 ET"
ZBH,"Zimmer Biomet Holdings",150.93,0.099999999999994,+0.07%,152.3,150.01,221379,"12:51 ET"
ZBRA,"Zebra Technologies",381.95,1.99,+0.52%,384.6,377.44,91101,"12:50 ET"
ZION,"Zions Bancorp",43.49,1.45,+3.45%,43.7,42.29,273620,"12:52 ET"
ZTS,"Zoetis Inc Cl A",160.87,-0.96000000000001,-0.59%,162.98,160.13,412911,"12:52 ET"
"Downloaded from Barchart.com as of 12-23-2020 11:53am CST"
